CountyName,year,log_price,wfh_rate,median_income,unemployment_rate,population,n_zips
Alameda County,2017,13.52130588099939,5.874234087163113,90082.38107030139,0.0603917411966187,1631447.0,47.0
Alameda County,2018,13.633480122772724,6.139635897021402,96971.61583755037,0.0506046523047304,1645507.0,47.0
Alameda County,2019,13.635768356232811,6.322017099762681,103398.29781662705,0.0461498147921542,1658947.0,47.0
Alameda County,2020,13.659647621233198,10.894679272707156,109598.3916236152,0.0472303198003509,1663319.0,47.0
Alameda County,2021,13.797817675788913,16.286794556553414,117785.73398887765,0.0502257358272493,1671588.0,47.0
Alameda County,2022,13.900169779905411,20.497261375499793,128992.36873669548,0.0493664180652251,1663439.0,47.0
Alameda County,2023,13.828890709541188,23.112840465523846,134101.59225334032,0.0516539211091087,1651344.0,47.0
Alpine County,2017,12.83207407805821,13.4796,62132.0,0.1567,1097.0,1.0
Alpine County,2018,12.883396441926564,14.377,59625.0,0.1869,1044.0,1.0
Alpine County,2019,12.927933711806872,20.3571,59643.0,0.1331,926.0,1.0
Alpine County,2020,12.961364781925194,24.1877,68250.0,0.0924,927.0,1.0
Alpine County,2021,13.122835512701373,19.1257,75500.0,0.09,1061.0,1.0
Alpine County,2022,13.23817055718982,20.0405,92917.0,0.0383,1209.0,1.0
Alpine County,2023,13.196192892600202,18.8192,100909.0,0.0284,1273.0,1.0
Amador County,2017,12.629732391222962,6.338316304581631,62245.25557255245,0.098805210798021,37192.0,10.0
Amador County,2018,12.710214304623756,7.452731267323074,62594.622698004714,0.0904954095504579,37883.0,10.0
Amador County,2019,12.74504332899092,9.030311467234617,65688.36180878419,0.0688833277057738,38501.0,10.0
Amador County,2020,12.795224468010652,9.723761332445719,68346.61452847322,0.0643948561040557,39056.0,10.0
Amador County,2021,12.92166500160232,11.46320907300289,72230.51047008547,0.0662239179216116,40108.0,10.0
Amador County,2022,13.018225116722125,13.146223282941627,79220.02533572962,0.0588696268711928,40549.0,10.0
Amador County,2023,12.979839709345562,14.068717873369485,84067.84686188237,0.0606002198446431,40938.0,10.0
Butte County,2017,12.57285260415586,5.748326771465155,47728.565229527296,0.0919823037354399,225703.0,16.0
Butte County,2018,12.645999275758136,5.90279552467779,49328.788467341146,0.0886183215233942,227492.0,16.0
Butte County,2019,12.735618598051216,5.7598705011928955,53303.0938468882,0.082980831795185,225921.0,16.0
Butte County,2020,12.746460749969417,7.602564106613222,55941.18017435649,0.0748867990534005,223537.0,16.0
Butte County,2021,12.839786736872638,9.228545326203307,60353.86259918122,0.0728063109003955,217671.0,16.0
Butte County,2022,12.91393397751158,10.591180418963615,67126.47505264939,0.0730723704520397,213145.0,16.0
Butte County,2023,12.862878861665713,11.33659406577396,69874.42780034768,0.0719468292004946,208654.0,16.0
Calaveras County,2017,12.591122780814368,8.292332543912917,58012.367264696506,0.0725856914738096,44463.0,15.0
Calaveras County,2018,12.670987854757476,9.5456905035939,62809.93564567053,0.0596798226561275,44659.0,15.0
Calaveras County,2019,12.707211726654352,9.169472775020587,65554.36990595612,0.06329577370752,44933.0,16.0
Calaveras County,2020,12.736854431014459,10.70014104571694,67079.90011133377,0.0508466746289783,45213.0,16.0
Calaveras County,2021,12.918761621566082,11.788571793370565,68647.35337478801,0.0641866600612502,44408.0,16.0
Calaveras County,2022,13.018792415737176,13.761097419022676,79291.03265204387,0.0598617307993642,44673.0,16.0
Calaveras County,2023,12.978380402465627,13.946873029193029,81394.09200484827,0.0591702786102786,45045.0,16.0
Colusa County,2017,12.293382813883278,4.7103287369135325,57744.05699883676,0.0586750920899573,20632.0,5.0
Colusa County,2018,12.393652810286394,4.351393735532408,58888.902536651236,0.0484066358024691,20736.0,5.0
Colusa County,2019,12.475025981115184,3.9892959206280403,61828.930838510816,0.0406882483263497,20763.0,5.0
Colusa County,2020,12.533926605542208,3.5766046474436632,61655.46333898716,0.0373333268718197,20635.0,5.0
Colusa County,2021,12.683335827213671,4.015444083905343,64446.85825373206,0.0492714011424182,20833.0,5.0
Colusa County,2022,12.78338687259872,4.068359676958262,71234.59076615209,0.0717757575757575,20988.0,5.0
Colusa County,2023,12.778167543535785,4.738645634674923,77258.60633484164,0.0834429911883781,20995.0,5.0
Contra Costa County,2017,13.275300735667862,6.210936639751565,95177.42430639594,0.0694243614830902,1116102.0,39.0
Contra Costa County,2018,13.354758971959729,6.533372806269476,101374.56241849574,0.0613079147523158,1125708.0,39.0
Contra Costa County,2019,13.375576446252143,6.564069012757519,108244.0980676435,0.0535784758841026,1134625.0,39.0
Contra Costa County,2020,13.422190366180013,9.88223886412653,110970.12422491038,0.0550511331556521,1140620.0,39.0
Contra Costa County,2021,13.587384798494252,14.182016698727614,115204.46531313907,0.0585261216132375,1154052.0,39.0
Contra Costa County,2022,13.704619544628018,16.843020858290778,125653.53091176243,0.0584070464613165,1155133.0,39.0
Contra Costa County,2023,13.647655395313873,19.01371037752037,127961.31256230027,0.0591087936715376,1153898.0,39.0
Del Norte County,2017,12.321313053938471,5.57233924677899,42234.69546085233,0.0949625014866204,25225.0,2.0
Del Norte County,2018,12.420739439931875,4.848013212719299,46658.6954887218,0.0825372023809523,25536.0,2.0
Del Norte County,2019,12.456073378164495,3.6554038294373314,45766.95289557148,0.0748167978385997,25539.0,2.0
Del Norte County,2020,12.537915982074598,5.790691935235158,51230.96360832691,0.0620953276792598,25940.0,2.0
Del Norte County,2021,12.651330426278646,4.819496732495512,54970.60143626571,0.0737121364452423,25065.0,2.0
Del Norte County,2022,12.757514254367683,6.6529338673591685,62902.424690371554,0.0593056052736716,25030.0,2.0
Del Norte County,2023,12.761129288882941,7.533005978260869,68465.55543478261,0.0598183695652174,24840.0,2.0
El Dorado County,2017,12.975194305584642,8.302638477058817,80631.2447540626,0.0800480085286451,183382.0,18.0
El Dorado County,2018,13.040461323756638,9.618685541163984,85768.50441854924,0.0614798739413892,184676.0,18.0
El Dorado County,2019,13.071080638982393,9.487004026049965,89926.83684543874,0.0539749397835964,186411.0,18.0
El Dorado County,2020,13.08985397316638,11.574250042549115,89925.17648188658,0.0471407030177961,188018.0,18.0
El Dorado County,2021,13.267286625504948,15.102259802090519,96377.51650703566,0.0484921478219345,188470.0,18.0
El Dorado County,2022,13.371764045298265,17.45855775680014,107835.46166533201,0.0470606003970265,189408.0,18.0
El Dorado County,2023,13.329890819456782,19.153118300072588,113671.80322425689,0.0492623063004302,190114.0,18.0
Fresno County,2017,12.262970883764378,4.216475537493445,51345.89695371648,0.1053276594257065,972570.0,48.0
Fresno County,2018,12.360170459375125,4.2403889054712645,53815.44142336363,0.0948294466520251,978951.0,48.0
Fresno County,2019,12.423838321363883,4.4841329539085155,56626.81206682917,0.088595722276998,984824.0,48.0
Fresno County,2020,12.48100850362223,5.527253094903651,59311.06601448237,0.0899024496888443,990984.0,48.0
Fresno County,2021,12.638804760513692,6.684493223490409,63510.63223576318,0.0891209451484377,1001430.0,48.0
Fresno County,2022,12.779995563778035,8.016548444838158,70252.18139583858,0.0877555368409344,1006937.0,48.0
Fresno County,2023,12.782029197031786,9.218822020434807,74236.07182990041,0.0874573252754643,1011020.0,48.0
Glenn County,2017,12.207204243637948,5.937112850165206,46882.58874443327,0.0901569709811808,27844.0,3.0
Glenn County,2018,12.333704588803288,5.076655816558851,47664.52068953055,0.0666225217736981,27671.0,5.0
Glenn County,2019,12.427367287020417,5.62320141258091,50184.3031863534,0.0525347208811644,27963.0,5.0
Glenn County,2020,12.512382231731383,6.2568849031206835,52139.24030321278,0.0560086925719953,28231.0,5.0
Glenn County,2021,12.648613233683662,7.039928827800829,57728.5759681881,0.0685854253112033,28920.0,5.0
Glenn County,2022,12.752139874073592,7.334790761828942,64885.711224948944,0.073073860371742,28891.0,5.0
Glenn County,2023,12.712269850666841,7.547358244644561,72229.4977145586,0.0698178230317915,29316.0,5.0
Humboldt County,2017,12.82168994659783,7.125922016900066,45509.17470543896,0.0874304351965724,126035.0,15.0
Humboldt County,2018,12.88005026517674,6.446924834886027,46811.96997891576,0.0785006763131813,126125.0,19.0
Humboldt County,2019,12.925530007569483,6.592625225874397,49388.737726502724,0.0779376855891738,126287.0,19.0
Humboldt County,2020,12.959058179104622,7.934645695620576,50189.724296354,0.0900033935793731,126592.0,19.0
Humboldt County,2021,13.040388983403988,10.404504119742183,53747.64708633065,0.0919253832544872,128309.0,19.0
Humboldt County,2022,13.133457766765906,10.587763716259124,59235.2670811349,0.0877486605567881,127553.0,19.0
Humboldt County,2023,13.093446433566173,11.501901976423808,63102.51927914814,0.0831932605905006,127756.0,19.0
Imperial County,2017,12.263741990333092,4.478558055377539,47997.08386888113,0.1602230350436923,166963.0,8.0
Imperial County,2018,12.316212634829418,5.0715713736574335,49603.99976793311,0.1512289250542977,168055.0,8.0
Imperial County,2019,12.379801620041977,4.562711501705875,50945.12175124591,0.142383477126985,167949.0,8.0
Imperial County,2020,12.450722495783943,6.278211892857143,51959.98473809524,0.1368531601190476,168000.0,8.0
Imperial County,2021,12.55706427657323,6.610869800951559,55605.01626860914,0.1361683812851965,169406.0,8.0
Imperial County,2022,12.651945888598762,6.362750701307643,60203.817404775895,0.1284135744430792,168471.0,8.0
Imperial County,2023,12.678822673306032,6.993486678091189,61582.331486302515,0.1202856982493014,167476.0,8.0
Inyo County,2017,12.71413557370229,4.1972608663418765,55241.671997458165,0.05367430629104,18884.0,2.0
Inyo County,2018,12.809870454922184,4.042058489648089,56562.318233418024,0.0592431158440996,18499.0,2.0
Inyo County,2019,12.857316439945418,4.103445869995602,61822.630994280684,0.0560259238891333,18184.0,2.0
Inyo County,2020,12.893226228644329,4.863418470818389,62544.13123573524,0.0589081186827518,18402.0,2.0
Inyo County,2021,13.02521409674781,6.4136765899439,66707.00508572327,0.0624983169926073,19073.0,2.0
Inyo County,2022,13.078547993969453,8.776440809751382,69582.33184771519,0.0628271975514149,18623.0,4.0
Inyo County,2023,13.08387540743295,11.029015035661843,78480.11369834277,0.0400577197398783,19068.0,4.0
Kern County,2017,12.13850917097992,3.2494216682529675,53599.753121850954,0.1103897563904802,822669.0,38.0
Kern County,2018,12.211792108853864,3.478802238701401,55679.72648219527,0.1044831251223053,827846.0,38.0
Kern County,2019,12.2717299477022,3.4712500339506134,56995.56822079868,0.0988848786971617,832091.0,38.0
Kern County,2020,12.336577259401622,4.518120103199472,58299.116758010045,0.0921288269404934,835857.0,38.0
Kern County,2021,12.491071847521152,5.419911069774048,62813.781766372995,0.089782409816764,845085.0,38.0
Kern County,2022,12.640129623159474,6.216320268196655,68815.78486717773,0.0847870948079424,846543.0,38.0
Kern County,2023,12.66336131758987,6.5192285031166675,71464.11337724332,0.0849605166781444,849465.0,38.0
Kings County,2017,12.167610279951663,4.300655436774796,49534.195674835966,0.1023544433770074,146769.0,6.0
Kings County,2018,12.241271764400498,4.6853504239941195,53713.10493684325,0.0889948671530462,146936.0,6.0
Kings County,2019,12.293585124674493,4.341451439400594,56214.5953666232,0.0798162755974137,148013.0,6.0
Kings County,2020,12.356114099406744,4.750868919539299,60247.718515818044,0.0871910506204345,148122.0,6.0
Kings County,2021,12.49766051045766,4.531043306465212,62529.380364911805,0.0942899483997167,148255.0,6.0
Kings County,2022,12.626548042095036,4.455003427542609,67803.38761059569,0.0944096108241016,148853.0,6.0
Kings County,2023,12.646492242268152,4.666060573950252,69322.68255682162,0.0989320923900286,149107.0,6.0
Lake County,2017,12.277356086873912,12.722643651011627,42790.485038985615,0.1131724979782413,65538.0,14.0
Lake County,2018,12.3828888589063,13.25363479285443,44676.5086964454,0.0992731550460668,65775.0,14.0
Lake County,2019,12.441810913429428,14.220369622754216,47304.15471449577,0.0897387069599313,65289.0,14.0
Lake County,2020,12.47548188891685,14.715280150346011,50658.91907203832,0.1087595054734747,65316.0,14.0
Lake County,2021,12.622021515893298,14.174952772647286,55908.41857178243,0.1029305628272251,68761.0,14.0
Lake County,2022,12.71302942204591,14.177972874217582,58549.63121486617,0.1051256578947368,68857.0,14.0
Lake County,2023,12.650171564207872,15.836704123562386,60420.48081456733,0.1146626692288797,69212.0,14.0
Lassen County,2017,11.958919374613908,5.251114908279789,56035.96471019076,0.0784306821586709,30037.0,9.0
Lassen County,2018,12.049205651259168,4.9466816830688884,58743.78968333668,0.0633960199504586,29874.0,9.0
Lassen County,2019,12.093518988399701,5.30069757167636,60076.932013740094,0.0690537734244805,29403.0,9.0
Lassen County,2020,12.142761050333108,5.464689591291707,58522.15766877388,0.0636076603225043,29581.0,9.0
Lassen County,2021,12.274320122526865,4.630353397226365,62811.49020976802,0.0710777601472501,31511.0,9.0
Lassen County,2022,12.323118807653408,4.90417736013986,64497.65468790469,0.0772810508935508,30888.0,9.0
Lassen County,2023,12.317988886646175,6.3035478852459015,69749.03449180328,0.0715596786885246,30500.0,9.0
Los Angeles County,2017,13.173929952978378,5.110013096142222,63980.183752090714,0.0786568468868703,10088658.0,274.0
Los Angeles County,2018,13.306405418740281,5.184626558842406,67465.26691489162,0.0688645057638645,10080910.0,274.0
Los Angeles County,2019,13.35343349384572,5.379834321726709,70990.25837577211,0.0613403340233237,10063908.0,274.0
Los Angeles County,2020,13.410827016840523,7.741689634320682,73964.66561626767,0.0648346948715109,10023810.0,274.0
Los Angeles County,2021,13.537194605347365,10.511234503790197,79057.41151261702,0.0701977616322501,9999742.0,274.0
Los Angeles County,2022,13.65060160528467,12.702730899555943,86336.74321030286,0.0700082811575974,9915848.0,274.0
Los Angeles County,2023,13.646936644047498,14.589167759167381,90559.17586818029,0.0703003303511001,9827423.0,274.0
Madera County,2017,12.27143621998016,3.555752533122481,48520.322315005884,0.081589182882379,155559.0,12.0
Madera County,2018,12.385970070804827,3.3396245691146507,52179.66531260812,0.0823166664530927,156074.0,12.0
Madera County,2019,12.447325863455156,3.6544374357081018,56687.091713524336,0.0855152900137495,157096.0,12.0
Madera County,2020,12.508419281154646,5.089925169105422,61104.91566946857,0.094496350114852,157594.0,12.0
Madera County,2021,12.666933124715785,6.98738677049222,66042.38352626101,0.1009000837712283,157572.0,12.0
Madera County,2022,12.806675184644046,7.529552790613878,73407.38955439943,0.1079609864025134,158191.0,12.0
Madera County,2023,12.811757537416373,8.458931454227361,76101.6213653722,0.1032001310566679,159473.0,12.0
Marin County,2017,13.85174398213547,10.5742151373963,106683.3704505152,0.0456249666362295,256266.0,25.0
Marin County,2018,13.921017159071187,11.54614388331279,112588.17353976904,0.037842726614623,255555.0,25.0
Marin County,2019,13.921518934893856,12.394743965095577,117776.41206170556,0.0372484349748586,255555.0,25.0
Marin County,2020,13.957801216359373,16.748308530199687,125303.95035184045,0.0452589030134966,254953.0,25.0
Marin County,2021,14.111258272151428,21.949653235922693,133771.29862408762,0.0514788298333643,258288.0,25.0
Marin County,2022,14.224202588995741,25.95265912655195,146112.78852623107,0.0576515044963749,257096.0,25.0
Marin County,2023,14.171656896330411,27.981022385326128,149554.89829832123,0.0610835764238109,255529.0,25.0
Mariposa County,2017,12.587545284268625,11.02904657994924,52340.35552030457,0.1118463007614213,15760.0,6.0
Mariposa County,2018,12.652688426551194,11.497987777990184,52114.32982858599,0.0917731791244503,15693.0,6.0
Mariposa County,2019,12.68290059701821,12.163695976316294,51640.464072458904,0.0918263767746864,15707.0,6.0
Mariposa County,2020,12.735213376085373,10.418195786588473,48028.53080811312,0.0859630099439061,15688.0,6.0
Mariposa County,2021,12.905350715470451,13.317412335083901,52479.208138417176,0.0978231779172537,15614.0,6.0
Mariposa County,2022,13.00074233172744,17.258480781340356,56113.604858924096,0.0652440789050954,15563.0,6.0
Mariposa County,2023,12.965157657127454,14.506395179572083,63675.86585987261,0.0665475356597045,15704.0,6.0
Mendocino County,2017,13.004997476582915,8.027340517560546,46343.6275708869,0.1097475813555643,78329.0,12.0
Mendocino County,2018,13.070076505438934,7.880769453003642,48448.663806055665,0.0973006646464132,78538.0,12.0
Mendocino County,2019,13.117605649914472,8.791958856632425,52095.57645632617,0.0905076539271358,78365.0,12.0
Mendocino County,2020,13.150364211312871,8.611481573808739,53347.76761849213,0.0897728805822534,78866.0,12.0
Mendocino County,2021,13.26646000041551,8.958154679174935,57958.38844187865,0.0850096494076613,83145.0,12.0
Mendocino County,2022,13.286055644075342,9.327504205437627,62576.64041644747,0.0919966996219831,82536.0,12.0
Mendocino County,2023,13.1869884485256,11.133409908162891,65450.38367909456,0.0945280194650762,81993.0,12.0
Merced County,2017,12.345872013379868,3.3118038762905257,46652.043751555415,0.1477555765039479,265202.0,17.0
Merced County,2018,12.443270596368187,3.0247238894221398,50324.578407846784,0.1285535274532447,266708.0,17.0
Merced County,2019,12.523975936773015,3.45819141215333,53924.048737705714,0.120168704263013,268519.0,17.0
Merced County,2020,12.581023105305146,3.8186619355863107,56722.5812888646,0.107888126080085,270812.0,17.0
Merced County,2021,12.754905951329011,4.558167182924001,59153.999727914845,0.1118981427784382,275896.0,17.0
Merced County,2022,12.905457741168377,5.396636325564718,65170.63152301141,0.1070470692004302,278900.0,17.0
Merced County,2023,12.873437671096724,6.307742148245431,64968.4611850292,0.1080324601491728,282491.0,17.0
Modoc County,2017,11.523554994735957,9.877165410796264,37551.12110178883,0.0872131708089282,6317.0,2.0
Modoc County,2018,11.614122238417066,12.080824107420057,42071.70490530891,0.0930560074511021,6442.0,3.0
Modoc County,2019,11.680498114600814,10.125714541491515,43933.251284446524,0.1045237427993149,6423.0,3.0
Modoc County,2020,11.686713655314371,13.11608511914155,49088.68707590342,0.0948566198516648,6337.0,3.0
Modoc County,2021,11.845450603749901,13.177836612529001,50777.544779582364,0.1226865429234338,6465.0,3.0
Modoc County,2022,11.967281002405908,9.768018067712633,54253.69892650702,0.0848581172584641,6055.0,3.0
Modoc County,2023,12.005073451114995,11.531904705489737,56884.67245119306,0.058423911229768,5993.0,3.0
Mono County,2017,12.831531328471433,10.118642749152837,61961.082978538536,0.0349372317316882,11509.0,4.0
Mono County,2018,12.955203677724924,8.907854935404881,64887.99541243935,0.0296159419066114,11843.0,4.0
Mono County,2019,13.026432596299031,4.843046221484861,61682.04209172739,0.0332916134384073,12055.0,4.0
Mono County,2020,13.105822381129187,6.613176559466532,68492.72288343041,0.0084487802819279,11847.0,4.0
Mono County,2021,13.294937453051249,8.616968563973714,75279.18989176652,0.0,10348.0,4.0
Mono County,2022,13.479506295616144,11.162952307103197,83877.47645031591,0.0188706107600995,10446.0,4.0
Mono County,2023,13.46900698136787,13.689645099578142,92123.98469537919,0.0195001667811243,10193.0,4.0
Monterey County,2017,13.092363975100238,4.285993651547726,63208.125500214504,0.0597171642351777,412573.0,24.0
Monterey County,2018,13.157716652456795,4.152531408726272,67010.09320728343,0.0509130956958743,413487.0,24.0
Monterey County,2019,13.203463585393264,4.406804928653436,70228.1273963087,0.0460670047467896,414596.0,24.0
Monterey County,2020,13.262273903032796,5.643619637589854,75709.24961283761,0.0478075076879999,414282.0,24.0
Monterey County,2021,13.41357123713294,6.426419121276241,80506.84747399544,0.0515933660635743,420610.0,24.0
Monterey County,2022,13.536138832509032,7.6294444396340495,89682.57983807249,0.0500604080535507,420386.0,24.0
Monterey County,2023,13.529564658840414,8.054265283941195,94193.94385413287,0.0496954471641648,419365.0,24.0
Napa County,2017,13.41622219974559,5.619788680521788,80506.32556008936,0.0538366709655595,141897.0,8.0
Napa County,2018,13.466867238351297,5.7178469310550035,86179.53311938564,0.0499164010031454,141156.0,8.0
Napa County,2019,13.494384891158417,5.9127722349482275,89981.99020930116,0.0447678027302633,140133.0,8.0
Napa County,2020,13.519623218767041,7.262283528716667,94410.13130912838,0.0449677772413842,138787.0,8.0
Napa County,2021,13.637716831834357,9.250413232673125,100418.28376261247,0.0484379329922097,139148.0,8.0
Napa County,2022,13.723089564070632,11.002906107503108,108732.86267208715,0.0517194897565871,137503.0,8.0
Napa County,2023,13.714488507271364,12.558661706987472,110233.0631325372,0.0504983467736012,136158.0,8.0
Nevada County,2017,12.926867394090454,10.311264806040866,62412.81908075638,0.0740711345657599,94556.0,7.0
Nevada County,2018,13.003609109550826,11.985057862775692,65543.44834241111,0.0635454465904778,94852.0,7.0
Nevada County,2019,13.022949272325649,13.636161092164453,68994.66603201172,0.0457958468459043,95590.0,7.0
Nevada County,2020,13.05286189009601,15.94148746026584,72960.61875137693,0.0397792952235079,95321.0,7.0
Nevada County,2021,13.24103063900161,18.698580472625412,77462.79360325949,0.040213709192768,98175.0,7.0
Nevada County,2022,13.328958078383947,21.54614479996751,82452.9549584302,0.0429796384086733,98509.0,7.0
Nevada County,2023,13.269394096497406,21.71394952302581,86976.0382290492,0.0447888716182581,98433.0,7.0
Orange County,2017,13.363770045573018,5.5427515527069495,83398.70149563403,0.0579109225635669,3152108.0,84.0
Orange County,2018,13.449414179661755,5.859185754866253,87391.08016355493,0.0507155748558645,3161262.0,84.0
Orange County,2019,13.454830696819233,6.3574220411073,91682.50335201407,0.0461780673574,3166007.0,85.0
Orange County,2020,13.503587055489865,8.912549400527174,96201.23912155845,0.0495942545218222,3166699.0,85.0
Orange County,2021,13.63831038886604,12.136000891162949,102517.86949130456,0.0542983384698473,3184715.0,85.0
Orange County,2022,13.799850351186622,14.476726950330495,111390.37548656935,0.0538816651068115,3176577.0,85.0
Orange County,2023,13.819712339972222,16.487835813811962,115912.41547766843,0.0535963172783944,3164779.0,85.0
Placer County,2017,13.010461862778099,8.383441236553756,84074.49370950602,0.0569503349373079,379474.0,27.0
Placer County,2018,13.07453472275141,9.198858211023245,88395.33249663805,0.04979825620389,384678.0,28.0
Placer County,2019,13.110075154384017,9.988079472529165,92728.4420131291,0.042671285309103,389595.0,28.0
Placer County,2020,13.156949579912757,12.946999963411555,97293.42791319707,0.0411208309361594,396300.0,28.0
Placer County,2021,13.321703371457913,16.13423533673275,102176.77761821548,0.0426258434075915,404579.0,28.0
Placer County,2022,13.438728158767633,18.503537022352063,111699.24496780612,0.0420925984485639,411103.0,28.0
Placer County,2023,13.380534982099329,20.02685941253918,117067.60899897118,0.0445660979756871,416981.0,28.0
Plumas County,2017,12.241963268717729,5.763049470855032,49816.293007961234,0.092484377624727,17859.0,8.0
Plumas County,2018,12.345936125420984,5.337583989884799,55060.61667937364,0.0613901713964596,17795.0,8.0
Plumas County,2019,12.404603144105497,5.832719224906191,53389.468404613166,0.0496505511257035,17056.0,9.0
Plumas County,2020,12.441283314429057,6.848740615545729,53341.3260992285,0.0662546020479404,17188.0,10.0
Plumas County,2021,12.60097103387783,7.372050841565035,55023.59922430511,0.0923011588764417,18121.0,10.0
Plumas County,2022,12.698272195643957,8.537059112689555,64609.17766318997,0.0957109532668132,17739.0,10.0
Plumas County,2023,12.664683771854262,8.147659490213927,70213.88673950684,0.1165329369594902,17576.0,10.0
Riverside County,2017,12.705719420830603,5.18076196681796,64283.782751424325,0.1000933892999394,2357239.0,68.0
Riverside County,2018,12.801544466393043,5.10768284533029,67915.79319664171,0.0867747020967755,2383660.0,68.0
Riverside County,2019,12.838816631911556,5.3697798993445796,71400.73155431371,0.075472317810786,2412190.0,68.0
Riverside County,2020,12.895410521421192,6.3505289483249365,74826.00793496757,0.0730100110437491,2437578.0,68.0
Riverside County,2021,13.077630649721057,8.041296955326342,80466.25472001353,0.0725178056732652,2411063.0,68.0
Riverside County,2022,13.246669092539042,9.314896476971347,88403.47304366418,0.0679641049026098,2431970.0,68.0
Riverside County,2023,13.24194935532285,10.961158297941738,93149.44064709851,0.0664932912452936,2452795.0,68.0
Sacramento County,2017,12.716448710510655,5.519602635694152,64150.604574764686,0.0876552053303698,1434347.0,49.0
Sacramento County,2018,12.802066615741285,5.885808578337717,68467.4609425329,0.0725727091578507,1449838.0,49.0
Sacramento County,2019,12.838483179609762,6.272824248143001,71663.9704135512,0.0640495611907447,1465671.0,49.0
Sacramento County,2020,12.898700841256957,8.994848113448686,75379.60285657099,0.0635380164534809,1478836.0,49.0
Sacramento County,2021,13.06530848866765,12.188279502965644,80787.69540278778,0.0652709764423447,1504564.0,49.0
Sacramento County,2022,13.188532011648546,14.89002476635823,88416.35636285525,0.0630415047587574,1513000.0,49.0
Sacramento County,2023,13.137155300213673,17.27893538505813,92440.76999244654,0.0645787163214491,1518511.0,49.0
San Benito County,2017,13.251345113971123,3.7508247129688175,82529.71167093747,0.0870535392192751,60098.0,3.0
San Benito County,2018,13.294669714874804,3.8573324465722325,84395.74430350591,0.0732694585657174,60783.0,3.0
San Benito County,2019,13.321535149807495,3.320294598920107,88169.25146302822,0.068434327007016,61858.0,3.0
San Benito County,2020,13.361592445594098,5.586290178571428,87674.6734784823,0.0758264069264069,62832.0,3.0
San Benito County,2021,13.524158264273927,7.737578578880981,96404.41476556052,0.073181719793824,64217.0,3.0
San Benito County,2022,13.623227153986294,8.949066122267801,107500.22102491888,0.0639201922488214,65332.0,3.0
San Benito County,2023,13.558661697643174,10.763241650896639,111431.4113123667,0.0604855426391517,66582.0,3.0
San Bernardino County,2017,12.622553234833374,4.726104151772155,60222.13824542195,0.100947882583327,2097249.0,76.0
San Bernardino County,2018,12.744349526509351,4.826117194853605,63156.5528858084,0.0895519154086446,2111847.0,76.0
San Bernardino County,2019,12.777488130599833,5.154852076293966,66497.98529661105,0.0784267338617429,2124362.0,76.0
San Bernardino County,2020,12.832574981461772,6.145124241768473,69064.70530278316,0.0744711288243426,2139518.0,76.0
San Bernardino County,2021,13.00447195373289,7.800743605725355,73790.67926137279,0.0759127809908795,2143308.0,76.0
San Bernardino County,2022,13.161303816454582,8.974069787031027,80981.23321375629,0.0727873465640891,2154727.0,76.0
San Bernardino County,2023,13.161985443356063,9.824297753787048,85430.41285371143,0.0724707250424252,2162039.0,76.0
San Diego County,2017,13.217231261279897,6.762439701366728,73679.2175228238,0.0719403036035294,3255364.0,93.0
San Diego County,2018,13.278235789730031,6.739521456361421,77830.30401863324,0.0650199737063079,3273789.0,93.0
San Diego County,2019,13.29669177423641,6.822987054398052,81655.66517221165,0.0608650258100713,3288445.0,95.0
San Diego County,2020,13.351847398159897,9.456557173130147,85478.02312326508,0.0624513236701021,3295723.0,95.0
San Diego County,2021,13.513517919482382,12.251811200346305,91623.06249771269,0.0659993577155244,3254944.0,95.0
San Diego County,2022,13.676245192665323,14.70417600495701,100588.8800649222,0.0636328785301384,3247925.0,95.0
San Diego County,2023,13.68663192717497,16.734847469724752,106045.9546842723,0.0624681943615832,3240023.0,95.0
San Francisco County,2017,13.985924053700868,6.520157234964175,97151.45238471276,0.0553205323361707,861110.0,25.0
San Francisco County,2018,14.063372000166355,6.407236772128538,105975.24878543911,0.0472665831968442,866980.0,25.0
San Francisco County,2019,14.06373098744285,6.471860263913307,115460.38903587693,0.0423777845824258,871953.0,25.0
San Francisco County,2020,14.087071556233322,11.529658689421751,118989.1859277755,0.0470675115878843,871600.0,26.0
San Francisco County,2021,14.105131831799895,17.650622080839362,127890.25263924112,0.0533686769485411,862748.0,26.0
San Francisco County,2022,14.130979785560925,22.869680900224083,137455.9602590814,0.0543569791248968,847900.0,26.0
San Francisco County,2023,14.006806095747562,26.814528290853424,143694.16618155903,0.0570878638307266,833492.0,26.0
San Joaquin County,2017,12.651080593431335,4.042261223528493,60981.45311447571,0.1036270584282034,666613.0,27.0
San Joaquin County,2018,12.75384977093448,3.927950199321358,64589.02630923285,0.0890426423130769,674288.0,27.0
San Joaquin County,2019,12.80783232019122,4.02913283911543,69076.5468913324,0.0795369615234135,684988.0,27.0
San Joaquin County,2020,12.861499153699306,5.071683279819826,73212.69096959547,0.07442231874224,692660.0,27.0
San Joaquin County,2021,13.046427291959466,6.37088389971265,78998.77618922737,0.0744725313785703,709242.0,27.0
San Joaquin County,2022,13.182395793363488,7.867773200034455,87399.49809652429,0.0734169367657029,719736.0,27.0
San Joaquin County,2023,13.141387637844172,8.994672410916818,94016.22259233159,0.074549204280177,726512.0,27.0
San Luis Obispo County,2017,13.242404178703739,6.5115108772712,66178.8172404696,0.0483187502740787,273644.0,18.0
San Luis Obispo County,2018,13.296868814094958,6.568122444830746,70272.89971441806,0.0459144549263197,274972.0,18.0
San Luis Obispo County,2019,13.311961440935548,7.331556573807958,72480.94267152579,0.0405359274909981,275221.0,18.0
San Luis Obispo County,2020,13.346627297842947,8.761868887526795,76848.20211882387,0.0455340342885328,275719.0,18.0
San Luis Obispo County,2021,13.466907357003548,10.819614373603052,83049.23550372895,0.0473741117859104,265758.0,18.0
San Luis Obispo County,2022,13.602297116392952,12.927197533716518,90068.80799428979,0.0480739655884894,266190.0,18.0
San Luis Obispo County,2023,13.624230040553577,13.942002958158396,93193.6426240135,0.0479454193582428,265334.0,18.0
San Mateo County,2017,13.992743927937168,5.019920705570352,110614.69070963682,0.0471928889946959,781297.0,28.0
San Mateo County,2018,14.128192899958819,5.3118735995610376,118157.73684007111,0.0408254700994303,783665.0,28.0
San Mateo County,2019,14.125822145904586,5.50077777916429,126645.23948360259,0.0371034094656729,785344.0,28.0
San Mateo County,2020,14.149295239310451,9.80026397618315,131190.2010389858,0.0397229919988967,783143.0,28.0
San Mateo County,2021,14.238208293357454,15.293400184835779,140779.00750556137,0.0460299481358229,780693.0,28.0
San Mateo County,2022,14.336324302152702,19.40210260774791,155349.37705862935,0.0454880713590423,772544.0,28.0
San Mateo County,2023,14.26223045946433,22.32420895217918,160730.8094625768,0.0449650961503164,762764.0,28.0
Santa Barbara County,2017,13.31413825094236,5.733557923580488,69285.24618129745,0.0666604173296358,439940.0,21.0
Santa Barbara County,2018,13.351944542855488,6.2119845499793565,72527.11416463628,0.0626524428201324,440802.0,21.0
Santa Barbara County,2019,13.370101627220919,6.239595796166233,76260.06507081082,0.0590768199524231,441811.0,21.0
Santa Barbara County,2020,13.406990626968998,7.983965089870798,80015.53934932545,0.0578407679209481,441634.0,21.0
Santa Barbara County,2021,13.566038729190279,10.032154923694012,87238.31600058277,0.0605885973538758,439284.0,21.0
Santa Barbara County,2022,13.743890305094617,11.158267836562926,96150.08442860786,0.059482085963537,436278.0,21.0
Santa Barbara County,2023,13.754920822185452,12.340414986442445,99542.89684200821,0.0605580095351334,434813.0,21.0
Santa Clara County,2017,13.735731000746995,4.838136498049359,109465.39972847127,0.0570012229487228,1870152.0,53.0
Santa Clara County,2018,13.947906858706814,5.056145700850873,118108.73153241222,0.0480353540022104,1880186.0,53.0
Santa Clara County,2019,13.951759543508409,5.097215115945358,123964.11122954087,0.0428311387010236,1885069.0,53.0
Santa Clara County,2020,13.968075082623184,9.782259758332811,131081.43667549503,0.0426073532958818,1882258.0,53.0
Santa Clara County,2021,14.09765675602948,15.50347928019089,139710.07843274256,0.0447172419994615,1890529.0,53.0
Santa Clara County,2022,14.232789582781141,19.39731570998831,152919.55532293548,0.0446758308487256,1875883.0,53.0
Santa Clara County,2023,14.191414357632864,21.7810132137983,155991.1866988938,0.0447387904366248,1862606.0,53.0
Santa Cruz County,2017,13.460722955850638,6.948229582853613,70905.58128787932,0.0703109892308556,284888.0,16.0
Santa Cruz County,2018,13.536447886861483,7.194701177969472,75299.59195207655,0.0667043532430235,284133.0,16.0
Santa Cruz County,2019,13.538069881626328,7.2013724436943285,80373.63360429589,0.0613646246758371,283808.0,16.0
Santa Cruz County,2020,13.56079600093836,9.97174295978738,89073.06173044867,0.0640206085260085,282946.0,16.0
Santa Cruz County,2021,13.72656215145169,12.787241197206896,96765.87514984651,0.0666844977785366,281121.0,16.0
Santa Cruz County,2022,13.857180447766616,15.120856768878784,104554.31873574595,0.0628023339460984,275799.0,16.0
Santa Cruz County,2023,13.814030099617744,16.40814064061532,107983.46655228417,0.0576511091802954,272769.0,16.0
Shasta County,2017,12.388566141049674,5.767086902102634,47512.56957979356,0.0667912858349153,166981.0,11.0
Shasta County,2018,12.448268058604432,5.653826819289486,51370.41718828392,0.06158241273861,167428.0,11.0
Shasta County,2019,12.509309861723105,5.977456465460703,55428.27686637923,0.0552095139576203,167722.0,18.0
Shasta County,2020,12.567797902217889,6.252865200199191,57344.529935896295,0.0608517838299285,168682.0,18.0
Shasta County,2021,12.718693955560875,7.22395654443551,62325.851965807946,0.0672731091457801,171642.0,18.0
Shasta County,2022,12.821708869607646,7.316757057270159,68331.12107145974,0.067511536627075,171922.0,18.0
Shasta County,2023,12.798059016925627,8.605042467162292,72221.57226486734,0.063942409567747,170155.0,18.0
Sierra County,2017,12.025476044638648,12.067324342663275,54745.80040941658,0.050343977947413,2358.0,4.0
Sierra County,2018,12.187977065103668,12.477195132013202,51486.51098664369,0.0397946369636963,2424.0,4.0
Sierra County,2019,12.262899177463872,13.7181522875817,55078.399101307186,0.0376239787581699,2448.0,4.0
Sierra County,2020,12.330602008853614,10.586692875874126,56016.35897435898,0.055594493006993,2288.0,4.0
Sierra County,2021,12.559537766159213,13.167873765047739,62789.22485768501,0.065824408468244,2409.0,4.0
Sierra County,2022,12.664110148459773,13.62733899237934,68096.13911007026,0.0071620237087214,2362.0,4.0
Sierra County,2023,12.667033075494396,15.597667377495464,48686.79511059372,0.1646344827586207,2204.0,4.0
Siskiyou County,2017,12.072458388673123,8.678922461386383,41470.51012035011,0.0894413295440504,40465.0,15.0
Siskiyou County,2018,12.149480111095583,9.217972715159888,45638.34762272037,0.0764975251677852,40528.0,16.0
Siskiyou County,2019,12.219491778295874,9.45444660335113,47401.64234923603,0.0690290701965898,40643.0,16.0
Siskiyou County,2020,12.258134460440251,9.325400744568812,47646.790663498985,0.0747319625756202,40829.0,16.0
Siskiyou County,2021,12.440821109705418,9.550753487981577,50426.943702955534,0.0803407738809192,41686.0,16.0
Siskiyou County,2022,12.553222129613028,9.653991853851343,55164.2646775282,0.0744687048105658,41492.0,16.0
Siskiyou County,2023,12.543660903510135,10.202544727651938,56803.469965695935,0.0781655721006936,41234.0,16.0
Solano County,2017,12.891243738472786,3.9955691009168324,74314.87540763654,0.0852858389393064,429304.0,12.0
Solano County,2018,12.981677026241895,4.38468024091937,78768.06784511007,0.0703974232704112,433340.0,12.0
Solano County,2019,13.010725379692582,4.464020257905303,83340.00481655209,0.0597801900981395,436827.0,12.0
Solano County,2020,13.05074486365118,6.389657601490453,86653.35969226429,0.0588128087479924,439598.0,12.0
Solano County,2021,13.194628418796007,8.021680744591732,91363.78746141751,0.0598172618860959,446446.0,12.0
Solano County,2022,13.301353370529164,9.568483107636748,99692.94776191383,0.05935556891466,445805.0,12.0
Solano County,2023,13.259913414835715,10.87284685025485,102262.28146094801,0.0590884945514339,445163.0,12.0
Sonoma County,2017,13.311512154925234,6.920640140500965,72550.76368067543,0.0590119326169411,499356.0,32.0
Sonoma County,2018,13.403562967939285,7.146911300296604,77419.86945815761,0.0504724168049087,500332.0,32.0
Sonoma County,2019,13.399398075870986,7.46195058647878,82100.05362522433,0.043064628515124,498313.0,32.0
Sonoma County,2020,13.408080413379695,9.248397768095662,86809.01052179125,0.04606732817594,495989.0,32.0
Sonoma County,2021,13.504643634842637,11.47202032022585,92847.77407600527,0.0505377813982247,491653.0,32.0
Sonoma County,2022,13.58046885522206,13.10424544065405,100586.47681112064,0.0515515570806506,487548.0,32.0
Sonoma County,2023,13.574444131172315,14.512666662751666,104024.48174216546,0.0517378305090333,485313.0,32.0
Stanislaus County,2017,12.512113646645863,4.550667173306902,55184.682217261216,0.1179704032310357,539765.0,24.0
Stanislaus County,2018,12.602334981784681,4.793275223104167,58628.16759688096,0.1051970852876423,543244.0,24.0
Stanislaus County,2019,12.656719129722045,4.6946253997239005,61695.20646314652,0.0913610049157457,547628.0,24.0
Stanislaus County,2020,12.718290409749589,5.4946719358974825,63940.64354053082,0.0887692968627978,550618.0,24.0
Stanislaus County,2021,12.887487269956045,6.246508607221016,69343.73511712313,0.08451014148437,555185.0,24.0
Stanislaus County,2022,13.009977940041535,6.429513831104975,76036.19241369267,0.0816438761036173,556239.0,24.0
Stanislaus County,2023,12.981404554548073,6.842703528398693,80255.04703033484,0.0777360935033743,556258.0,24.0
Sutter County,2017,12.457830311941068,4.5660419810519155,55311.93657065171,0.1063674271390942,94152.0,7.0
Sutter County,2018,12.55050555871427,4.828380762920861,58057.46681273087,0.0973668899967188,94479.0,7.0
Sutter County,2019,12.6021869958935,4.582093616684265,59995.04573389651,0.0833403685322069,94700.0,7.0
Sutter County,2020,12.677317834363913,6.20779053182196,64380.84087440666,0.0768363392377885,95013.0,7.0
Sutter County,2021,12.842792347625068,6.553429805688366,68271.48997793306,0.0755718973478811,97884.0,7.0
Sutter County,2022,12.960491607947889,6.7911480150379,74757.04265165601,0.076124036123654,97886.0,7.0
Sutter County,2023,12.929464837825936,7.010255658602426,76490.23256099307,0.0701915039162354,97798.0,7.0
Tehama County,2017,12.184998345970445,4.484482864009498,43299.92801609937,0.098054532292858,69071.0,6.0
Tehama County,2018,12.261347122683414,4.859670611374476,44392.689341652134,0.0908777913862912,69401.0,6.0
Tehama County,2019,12.346222108400308,4.611551812919391,46214.481928404806,0.0793443106874406,69446.0,6.0
Tehama County,2020,12.43302184930644,5.145434266060395,51912.04598052932,0.0826931634021219,68616.0,6.0
Tehama County,2021,12.580890490830473,6.442560978720355,55226.54398509709,0.0756232342193881,69785.0,6.0
Tehama County,2022,12.671379099524312,8.633363550746418,62603.43322312394,0.0698122776131793,69867.0,6.0
Tehama County,2023,12.629265669677322,9.446620585951287,66699.95864125318,0.0655033194493469,70825.0,6.0
Trinity County,2017,12.300313959238853,13.700835336436732,38306.60328722831,0.0918569107067287,11815.0,5.0
Trinity County,2018,12.353741344616855,19.50979449454608,38610.6451671347,0.0800851842308683,11643.0,5.0
Trinity County,2019,12.364092291875503,18.588123076250437,41609.154599510315,0.0805347411682406,11436.0,8.0
Trinity County,2020,12.421939830160454,15.863117532923615,42783.604653204566,0.0825064003511852,11390.0,8.0
Trinity County,2021,12.566623388591374,27.42591638243956,44044.78741182111,0.0591119238408328,14601.0,8.0
Trinity County,2022,12.615112720951242,28.763553445343852,49509.401469287805,0.0470726685259506,14701.0,8.0
Trinity County,2023,12.529758747723507,27.59676346657234,58866.53533781393,0.0505279801910152,14135.0,8.0
Tulare County,2017,12.191979964316898,2.998037270763876,44954.51973621417,0.1006746178279621,450518.0,24.0
Tulare County,2018,12.26268975427514,3.3110793280600093,47434.7763208204,0.0933179266904622,452466.0,25.0
Tulare County,2019,12.320595935042506,3.5941067619372666,49843.25003966191,0.0951317471991262,454145.0,25.0
Tulare County,2020,12.38173468574609,4.218412827033609,53877.88385790983,0.0995872835560656,456528.0,25.0
Tulare County,2021,12.540962507214974,4.852694874917028,57814.754152300986,0.1013792554933924,464012.0,25.0
Tulare County,2022,12.677746221841092,5.088647569277934,64109.30270419663,0.0909435093683633,467104.0,25.0
Tulare County,2023,12.688328144831717,5.521356617778725,69081.14614334471,0.0893636908974632,469100.0,25.0
Tuolumne County,2017,12.636486084934226,6.189489634752994,54986.14504123534,0.0793601366088853,52266.0,3.0
Tuolumne County,2018,12.68756151815718,5.069284522761209,56595.48842685659,0.0685136739538267,52238.0,3.0
Tuolumne County,2019,12.716103622062338,5.773447409034476,59919.03266475644,0.0524501384777003,52355.0,3.0
Tuolumne County,2020,12.702636209865164,6.799868699418671,59637.84412820854,0.0732912971617462,52638.0,4.0
Tuolumne County,2021,12.827381835768914,9.2281319024828,64821.12708009659,0.0832549992521687,53488.0,9.0
Tuolumne County,2022,12.934838070733207,11.147523247558226,68920.87526327667,0.086133399699474,53240.0,9.0
Tuolumne County,2023,12.901827490930156,12.20507335395993,71932.28414650272,0.0806018960117722,53006.0,9.0
Ventura County,2017,13.23741725751775,5.698477635159225,82929.59199952148,0.0654080403554204,852624.0,24.0
Ventura County,2018,13.288950865903363,5.812830931825192,85279.31050166722,0.0589064088564971,852617.0,24.0
Ventura County,2019,13.307087803988964,5.985517842900232,89026.68557512881,0.0507392156747685,852070.0,24.0
Ventura County,2020,13.348942827373087,8.308002532071415,91107.65358872837,0.0507614896004629,850134.0,24.0
Ventura County,2021,13.486946628209507,10.73063446726739,96465.73929374284,0.0555344824661033,848756.0,24.0
Ventura County,2022,13.608454685287589,12.470945012931079,105030.9169809268,0.0531188888376454,845637.0,24.0
Ventura County,2023,13.605607339839397,14.114591213006962,109699.28934175348,0.0545377367275215,841949.0,24.0
Yolo County,2017,12.974878393815374,5.0588891308512975,63171.163420603516,0.0724830189120103,213991.0,13.0
Yolo County,2018,13.044513720821662,5.546424894237748,67049.39696791762,0.0646319681719197,216287.0,14.0
Yolo County,2019,13.080729024496788,6.068554676683611,70261.68073541533,0.0619358148451476,218563.0,14.0
Yolo County,2020,13.119517629930224,9.52788818717114,75192.84139021541,0.0562660537796966,220269.0,14.0
Yolo County,2021,13.244766884209685,12.578356927280659,80334.30546888283,0.0561028876489632,217755.0,14.0
Yolo County,2022,13.357360583547408,14.568289657557779,86652.445081338,0.0530209345580319,218285.0,15.0
Yolo County,2023,13.328291958356619,17.056875412650506,90491.5983445303,0.0531339859641753,219011.0,15.0
Yuba County,2017,12.421844026241713,5.248833954160644,52366.832448310925,0.0994866473948654,72645.0,9.0
Yuba County,2018,12.51765712223675,5.3760798133849885,54394.96714073503,0.0830487995525605,73306.0,9.0
Yuba County,2019,12.584601694715648,5.458241274719941,58099.116149650115,0.0706234332241409,74181.0,9.0
Yuba County,2020,12.653692273334629,5.777676461986361,59612.28479414505,0.0710356832351807,75223.0,9.0
Yuba County,2021,12.82085154011731,5.957476036412056,62390.02542372881,0.064767152331447,78106.0,9.0
Yuba County,2022,12.944491369219085,6.755908375394917,67358.84948456203,0.0741397472528855,79447.0,9.0
Yuba County,2023,12.91424354229579,8.590213494878098,75683.74144605786,0.0726826745091255,80927.0,9.0
